<?xml version="1.0" encoding="UTF-8"?>
<project-private xmlns="http://www.netbeans.org/ns/project-private/1">
    <editor-bookmarks xmlns="http://www.netbeans.org/ns/editor-bookmarks/2" lastBookmarkId="0"/>
    <open-files xmlns="http://www.netbeans.org/ns/projectui-open-files/2">
        <group>
            <file>file:/C:/Users/sabri/Documents/FACULDADE/Faculdade%20-%204%20fase/Programação%20Orientada%20a%20Objetos%20II/Trabalho%20POO%20II%20-%2001-11-2022/TrabalhoJava/src/forms/dialogEncomenda.java</file>
            <file>file:/C:/Users/sabri/Documents/FACULDADE/Faculdade%20-%204%20fase/Programação%20Orientada%20a%20Objetos%20II/Trabalho%20POO%20II%20-%2001-11-2022/TrabalhoJava/src/forms/frameMenu.java</file>
            <file>file:/C:/Users/sabri/Documents/FACULDADE/Faculdade%20-%204%20fase/Programação%20Orientada%20a%20Objetos%20II/Trabalho%20POO%20II%20-%2001-11-2022/TrabalhoJava/src/classes/Item.java</file>
        </group>
    </open-files>
</project-private>
